id,tag
6,computer-vision
7,computer-vision
9,other
15,other
25,other
27,other
28,other
29,other
45,other
61,computer-vision
65,computer-vision
67,computer-vision
73,computer-vision
77,computer-vision
78,computer-vision
81,computer-vision
85,other
89,natural-language-processing
91,mlops
92,computer-vision
98,computer-vision
99,computer-vision
101,natural-language-processing
108,natural-language-processing
109,natural-language-processing
112,computer-vision
115,computer-vision
116,computer-vision
117,computer-vision
118,computer-vision
120,computer-vision
121,other
122,natural-language-processing
123,natural-language-processing
124,natural-language-processing
128,computer-vision
133,natural-language-processing
137,mlops
138,computer-vision
140,natural-language-processing
145,computer-vision
147,natural-language-processing
148,other
150,computer-vision
152,other
157,computer-vision
158,computer-vision
159,mlops
162,natural-language-processing
163,natural-language-processing
168,computer-vision
173,natural-language-processing
181,natural-language-processing
183,computer-vision
219,natural-language-processing
224,natural-language-processing
234,computer-vision
237,computer-vision
238,natural-language-processing
239,other
250,natural-language-processing
251,natural-language-processing
252,natural-language-processing
253,natural-language-processing
254,natural-language-processing
255,natural-language-processing
256,natural-language-processing
257,natural-language-processing
259,natural-language-processing
260,natural-language-processing
261,natural-language-processing
262,natural-language-processing
269,natural-language-processing
270,natural-language-processing
271,natural-language-processing
272,natural-language-processing
273,natural-language-processing
277,other
278,computer-vision
279,other
280,other
281,natural-language-processing
284,other
286,computer-vision
287,natural-language-processing
290,computer-vision
291,computer-vision
294,other
295,other
306,natural-language-processing
307,natural-language-processing
308,natural-language-processing
313,natural-language-processing
315,computer-vision
316,natural-language-processing
318,computer-vision
319,computer-vision
327,natural-language-processing
334,natural-language-processing
335,natural-language-processing
341,mlops
343,mlops
345,natural-language-processing
347,natural-language-processing
349,natural-language-processing
364,natural-language-processing
372,other
378,other
380,other
388,computer-vision
392,natural-language-processing
395,natural-language-processing
397,computer-vision
401,computer-vision
403,natural-language-processing
408,computer-vision
411,mlops
419,natural-language-processing
423,computer-vision
424,natural-language-processing
425,other
427,computer-vision
428,natural-language-processing
430,natural-language-processing
431,natural-language-processing
432,computer-vision
434,natural-language-processing
439,natural-language-processing
440,natural-language-processing
443,natural-language-processing
445,natural-language-processing
446,natural-language-processing
448,natural-language-processing
452,natural-language-processing
453,computer-vision
455,natural-language-processing
459,computer-vision
462,computer-vision
465,computer-vision
466,natural-language-processing
467,natural-language-processing
468,natural-language-processing
469,natural-language-processing
470,natural-language-processing
471,natural-language-processing
473,natural-language-processing
474,computer-vision
476,computer-vision
477,computer-vision
478,computer-vision
480,computer-vision
481,computer-vision
482,computer-vision
486,computer-vision
489,computer-vision
490,computer-vision
491,computer-vision
492,computer-vision
493,computer-vision
494,computer-vision
495,computer-vision
499,computer-vision
501,natural-language-processing
505,computer-vision
507,other
508,computer-vision
509,other
513,natural-language-processing
516,computer-vision
517,computer-vision
529,natural-language-processing
549,mlops
550,computer-vision
552,computer-vision
558,natural-language-processing
564,computer-vision
566,mlops
574,natural-language-processing
580,mlops
581,natural-language-processing
598,natural-language-processing
599,computer-vision
601,natural-language-processing
602,natural-language-processing
605,other
608,computer-vision
619,computer-vision
621,computer-vision
622,natural-language-processing
623,natural-language-processing
632,other
639,other
643,natural-language-processing
644,computer-vision
652,natural-language-processing
653,natural-language-processing
658,natural-language-processing
661,natural-language-processing
663,natural-language-processing
665,computer-vision
667,computer-vision
670,natural-language-processing
674,computer-vision
679,other
683,natural-language-processing
686,natural-language-processing
687,other
688,computer-vision
693,natural-language-processing
694,natural-language-processing
695,natural-language-processing
700,computer-vision
702,natural-language-processing
704,computer-vision
707,natural-language-processing
708,natural-language-processing
712,other
713,other
717,natural-language-processing
726,computer-vision
732,other
733,computer-vision
734,natural-language-processing
741,natural-language-processing
778,natural-language-processing
783,natural-language-processing
788,natural-language-processing
791,computer-vision
792,natural-language-processing
795,computer-vision
796,computer-vision
797,computer-vision
799,other
800,mlops
803,computer-vision
820,other
821,mlops
822,computer-vision
825,natural-language-processing
826,computer-vision
828,natural-language-processing
829,other
831,computer-vision
832,computer-vision
833,other
835,natural-language-processing
836,computer-vision
840,other
841,natural-language-processing
842,computer-vision
847,natural-language-processing
849,natural-language-processing
850,natural-language-processing
852,computer-vision
855,natural-language-processing
857,natural-language-processing
858,natural-language-processing
860,natural-language-processing
862,other
863,computer-vision
864,natural-language-processing
866,natural-language-processing
868,natural-language-processing
869,natural-language-processing
875,natural-language-processing
877,computer-vision
879,computer-vision
880,natural-language-processing
881,other
882,natural-language-processing
883,other
884,natural-language-processing
890,natural-language-processing
892,computer-vision
893,other
894,natural-language-processing
900,natural-language-processing
901,computer-vision
902,natural-language-processing
903,computer-vision
905,other
907,natural-language-processing
913,natural-language-processing
914,natural-language-processing
918,natural-language-processing
920,natural-language-processing
921,computer-vision
922,natural-language-processing
925,other
927,natural-language-processing
934,other
935,computer-vision
938,computer-vision
939,other
940,computer-vision
941,computer-vision
947,computer-vision
948,computer-vision
951,computer-vision
952,computer-vision
957,natural-language-processing
961,computer-vision
962,natural-language-processing
963,mlops
966,natural-language-processing
968,natural-language-processing
970,natural-language-processing
972,natural-language-processing
974,computer-vision
978,computer-vision
979,other
980,computer-vision
986,computer-vision
987,natural-language-processing
989,natural-language-processing
993,computer-vision
997,computer-vision
1000,natural-language-processing
1007,natural-language-processing
1008,computer-vision
1009,natural-language-processing
1010,natural-language-processing
1013,other
1018,computer-vision
1020,computer-vision
1021,natural-language-processing
1022,natural-language-processing
1024,natural-language-processing
1025,natural-language-processing
1026,natural-language-processing
1028,natural-language-processing
1035,natural-language-processing
1045,natural-language-processing
1046,natural-language-processing
1055,computer-vision
1058,natural-language-processing
1059,computer-vision
1068,natural-language-processing
1069,natural-language-processing
1070,natural-language-processing
1075,natural-language-processing
1080,computer-vision
1081,computer-vision
1083,computer-vision
1084,mlops
1093,computer-vision
1094,natural-language-processing
1100,natural-language-processing
1104,computer-vision
1107,computer-vision
1110,computer-vision
1111,natural-language-processing
1112,natural-language-processing
1115,other
1121,computer-vision
1122,mlops
1130,natural-language-processing
1131,natural-language-processing
1132,natural-language-processing
1133,other
1135,computer-vision
1139,natural-language-processing
1145,other
1148,natural-language-processing
1151,natural-language-processing
1162,other
1165,computer-vision
1166,other
1176,natural-language-processing
1178,computer-vision
1180,natural-language-processing
1181,natural-language-processing
1185,natural-language-processing
1192,natural-language-processing
1194,natural-language-processing
1199,natural-language-processing
1202,natural-language-processing
1203,natural-language-processing
1204,computer-vision
1211,natural-language-processing
1215,computer-vision
1222,natural-language-processing
1223,computer-vision
1236,natural-language-processing
1237,computer-vision
1239,natural-language-processing
1241,natural-language-processing
1243,other
1246,natural-language-processing
1249,natural-language-processing
1251,computer-vision
1255,natural-language-processing
1257,natural-language-processing
1258,computer-vision
1259,computer-vision
1260,computer-vision
1272,natural-language-processing
1274,mlops
1275,other
1278,natural-language-processing
1287,natural-language-processing
1298,natural-language-processing
1301,computer-vision
1309,natural-language-processing
1310,natural-language-processing
1312,natural-language-processing
1320,natural-language-processing
1325,natural-language-processing
1329,other
1371,natural-language-processing
1372,natural-language-processing
1374,computer-vision
1392,natural-language-processing
1398,computer-vision
1399,computer-vision
1418,other
1423,other
1424,mlops
1425,computer-vision
1427,natural-language-processing
1438,computer-vision
1453,computer-vision
1455,computer-vision
1457,computer-vision
1458,computer-vision
1460,computer-vision
1461,computer-vision
1473,other
1475,computer-vision
1476,other
1478,computer-vision
1480,natural-language-processing
1482,computer-vision
1483,other
1491,computer-vision
1492,natural-language-processing
1499,natural-language-processing
1502,natural-language-processing
1504,computer-vision
1505,computer-vision
1506,mlops
1519,computer-vision
1525,natural-language-processing
1528,computer-vision
1529,other
1539,natural-language-processing
1542,natural-language-processing
1546,other
1547,natural-language-processing
1549,other
1551,computer-vision
1552,computer-vision
1560,mlops
1563,computer-vision
1569,computer-vision
1571,computer-vision
1575,computer-vision
1576,computer-vision
1580,mlops
1581,other
1585,computer-vision
1587,natural-language-processing
1589,natural-language-processing
1592,natural-language-processing
1595,natural-language-processing
1597,mlops
1598,other
1599,computer-vision
1602,computer-vision
1603,computer-vision
1605,other
1606,natural-language-processing
1607,other
1608,natural-language-processing
1614,natural-language-processing
1615,natural-language-processing
1616,computer-vision
1617,other
1620,other
1622,other
1623,natural-language-processing
1629,computer-vision
1630,computer-vision
1636,natural-language-processing
1638,natural-language-processing
1639,computer-vision
1644,natural-language-processing
1645,natural-language-processing
1646,natural-language-processing
1648,other
1649,computer-vision
1650,natural-language-processing
1651,computer-vision
1653,natural-language-processing
1657,mlops
1658,computer-vision
1662,computer-vision
1663,other
1664,natural-language-processing
1666,natural-language-processing
1668,other
1677,natural-language-processing
1678,computer-vision
1688,other
1691,mlops
1698,computer-vision
1699,other
1702,computer-vision
1704,other
1706,computer-vision
1710,natural-language-processing
1721,natural-language-processing
1722,natural-language-processing
1723,natural-language-processing
1724,computer-vision
1726,natural-language-processing
1728,computer-vision
1729,natural-language-processing
1730,natural-language-processing
1737,natural-language-processing
1748,mlops
1750,computer-vision
1753,other
1754,mlops
1755,computer-vision
1759,computer-vision
1767,computer-vision
1768,natural-language-processing
1769,natural-language-processing
1771,computer-vision
1772,computer-vision
1777,other
1792,other
1795,natural-language-processing
1796,natural-language-processing
1797,natural-language-processing
1800,natural-language-processing
1802,natural-language-processing
1803,natural-language-processing
1813,mlops
1817,mlops
1818,mlops
1819,mlops
1820,natural-language-processing
1831,computer-vision
1834,computer-vision
1836,computer-vision
1840,computer-vision
1843,mlops
1844,computer-vision
1845,computer-vision
1847,computer-vision
1848,computer-vision
1851,mlops
1855,natural-language-processing
1856,computer-vision
1859,mlops
1860,computer-vision
1865,computer-vision
1867,computer-vision
1868,computer-vision
1869,natural-language-processing
1871,natural-language-processing
1872,computer-vision
1879,natural-language-processing
1880,natural-language-processing
1882,computer-vision
1884,mlops
1886,computer-vision
1887,computer-vision
1889,natural-language-processing
1896,mlops
1898,natural-language-processing
1899,computer-vision
1900,computer-vision
1902,computer-vision
1903,computer-vision
1904,computer-vision
1910,mlops
1913,computer-vision
1914,computer-vision
1916,natural-language-processing
1918,natural-language-processing
1919,natural-language-processing
1921,computer-vision
1923,other
1924,mlops
1925,computer-vision
1927,computer-vision
1929,natural-language-processing
1933,natural-language-processing
1938,natural-language-processing
1940,computer-vision
1941,natural-language-processing
1943,other
1945,mlops
1952,mlops
1953,mlops
1954,mlops
1955,computer-vision
1965,mlops
1968,natural-language-processing
1971,computer-vision
1977,computer-vision
1978,mlops
1980,computer-vision
1983,computer-vision
1984,natural-language-processing
1985,other
1986,natural-language-processing
1992,other
1993,computer-vision
1994,computer-vision
1999,natural-language-processing
2002,computer-vision
2005,computer-vision
2006,natural-language-processing
2008,computer-vision
2009,computer-vision
2012,computer-vision
2013,computer-vision
2016,computer-vision
2020,natural-language-processing
2022,natural-language-processing
2024,natural-language-processing
2026,mlops
2027,computer-vision
2030,computer-vision
2031,natural-language-processing
2032,computer-vision
2033,natural-language-processing
2035,mlops
2038,mlops
2039,computer-vision
2042,natural-language-processing
2043,natural-language-processing
2045,natural-language-processing
2047,mlops
2048,natural-language-processing
2051,natural-language-processing
2053,computer-vision
2054,computer-vision
2057,mlops
2061,computer-vision
2062,computer-vision
2098,computer-vision
2100,computer-vision
2106,computer-vision
2109,natural-language-processing
2111,computer-vision
2112,computer-vision
2113,natural-language-processing
2114,other
2116,mlops
2117,mlops
2121,mlops
2124,other
2135,other
2136,mlops
2138,natural-language-processing
2141,computer-vision
2147,natural-language-processing
2148,natural-language-processing
2151,computer-vision
2155,natural-language-processing
2159,computer-vision
2163,natural-language-processing
2164,computer-vision
2166,computer-vision
2167,natural-language-processing
2168,natural-language-processing
2173,natural-language-processing
2185,natural-language-processing
2188,mlops
2193,mlops
2202,other
2203,computer-vision
2204,computer-vision
2207,mlops
2214,computer-vision
2215,computer-vision
2218,computer-vision
2220,natural-language-processing
2223,computer-vision
2226,natural-language-processing
2235,natural-language-processing
2238,other
2239,computer-vision
2242,computer-vision
2245,other
2247,natural-language-processing
2251,natural-language-processing
2252,other
2255,natural-language-processing
2258,other
2259,computer-vision
2260,computer-vision
2263,natural-language-processing
2264,other
2267,mlops
2268,natural-language-processing
2269,natural-language-processing
2273,natural-language-processing
2275,natural-language-processing
2280,other
2283,natural-language-processing
2284,natural-language-processing
2285,computer-vision
2287,mlops
2290,natural-language-processing
2294,mlops
2295,computer-vision
2296,mlops
2298,other
2299,other
2300,natural-language-processing
2304,other
2317,computer-vision
2318,other
2319,computer-vision
2325,computer-vision
2326,natural-language-processing
2327,computer-vision
2328,computer-vision
2332,natural-language-processing
2341,other
2342,computer-vision
2344,computer-vision
2345,computer-vision
2348,computer-vision
2351,natural-language-processing
2353,other
2356,computer-vision
2357,computer-vision
2360,computer-vision
2368,natural-language-processing
2369,computer-vision
2371,mlops
2372,other
2373,other
2384,other
2387,mlops
2388,computer-vision
2389,computer-vision
2395,mlops
2396,computer-vision
2397,computer-vision
2402,natural-language-processing
2404,mlops
2410,mlops
2411,other
2412,computer-vision
2415,mlops
2417,other
2418,other
2419,computer-vision
2422,natural-language-processing
2423,computer-vision
2430,natural-language-processing
2431,natural-language-processing
2432,natural-language-processing
2434,computer-vision
2436,other
2437,computer-vision
19,other
26,other
44,other
80,computer-vision
84,natural-language-processing
107,computer-vision
126,computer-vision
130,computer-vision
131,computer-vision
136,natural-language-processing
141,computer-vision
142,computer-vision
144,natural-language-processing
218,other
220,computer-vision
249,computer-vision
264,natural-language-processing
268,natural-language-processing
285,other
305,natural-language-processing
314,other
317,computer-vision
328,other
344,natural-language-processing
353,computer-vision
384,natural-language-processing
407,natural-language-processing
410,mlops
414,mlops
415,natural-language-processing
426,natural-language-processing
437,natural-language-processing
438,natural-language-processing
451,natural-language-processing
454,natural-language-processing
458,computer-vision
487,computer-vision
488,computer-vision
496,computer-vision
497,computer-vision
559,mlops
561,mlops
569,natural-language-processing
570,computer-vision
579,computer-vision
582,other
594,mlops
600,natural-language-processing
612,computer-vision
620,natural-language-processing
624,natural-language-processing
629,other
649,other
666,computer-vision
671,natural-language-processing
681,other
684,natural-language-processing
689,other
703,other
705,other
706,other
710,computer-vision
723,computer-vision
737,computer-vision
738,computer-vision
780,natural-language-processing
784,natural-language-processing
785,computer-vision
787,natural-language-processing
807,mlops
834,computer-vision
843,natural-language-processing
854,other
878,computer-vision
898,computer-vision
906,natural-language-processing
916,natural-language-processing
917,natural-language-processing
919,natural-language-processing
943,natural-language-processing
946,computer-vision
965,computer-vision
991,natural-language-processing
999,computer-vision
1011,mlops
1019,computer-vision
1032,computer-vision
1056,computer-vision
1078,computer-vision
1114,other
1155,computer-vision
1159,computer-vision
1167,natural-language-processing
1172,computer-vision
1266,natural-language-processing
1286,natural-language-processing
1363,other
1426,natural-language-processing
1430,computer-vision
1434,natural-language-processing
1445,computer-vision
1450,natural-language-processing
1451,computer-vision
1459,other
1462,computer-vision
1485,computer-vision
1488,computer-vision
1494,computer-vision
1501,computer-vision
1508,natural-language-processing
1511,computer-vision
1515,computer-vision
1524,natural-language-processing
1540,natural-language-processing
1588,natural-language-processing
1600,natural-language-processing
1628,other
1654,computer-vision
1659,natural-language-processing
1661,computer-vision
1665,natural-language-processing
1681,computer-vision
1685,natural-language-processing
1689,other
1692,other
1703,other
1709,natural-language-processing
1715,computer-vision
1717,natural-language-processing
1719,natural-language-processing
1743,natural-language-processing
1756,natural-language-processing
1770,computer-vision
1779,natural-language-processing
1799,natural-language-processing
1804,natural-language-processing
1805,computer-vision
1825,mlops
1827,natural-language-processing
1853,natural-language-processing
1858,natural-language-processing
1866,natural-language-processing
1870,natural-language-processing
1888,mlops
1901,natural-language-processing
1905,computer-vision
1934,other
1935,computer-vision
1950,natural-language-processing
1959,natural-language-processing
1961,mlops
1964,mlops
1972,natural-language-processing
1975,computer-vision
1976,computer-vision
1997,computer-vision
2007,computer-vision
2010,computer-vision
2011,computer-vision
2023,natural-language-processing
2025,natural-language-processing
2034,natural-language-processing
2040,computer-vision
2056,natural-language-processing
2131,mlops
2137,mlops
2172,natural-language-processing
2186,computer-vision
2195,computer-vision
2199,mlops
2200,natural-language-processing
2232,other
2246,natural-language-processing
2250,natural-language-processing
2262,natural-language-processing
2266,computer-vision
2271,computer-vision
2289,natural-language-processing
2310,computer-vision
2312,natural-language-processing
2336,computer-vision
2339,other
2350,computer-vision
2366,natural-language-processing
2367,natural-language-processing
2390,computer-vision
2394,mlops
2403,natural-language-processing
2413,mlops
2428,natural-language-processing
2429,natural-language-processing
